CREATE TABLE RUOLI
(
    ID_RUOLO SERIAL PRIMARY KEY,
    RUOLO_DESC VARCHAR(200) NOT NULL
);

INSERT INTO RUOLI (ID_RUOLO, RUOLO_DESC) VALUES (1, 'root'), (2, 'tutor'), (3, 'user');

CREATE TABLE Utenti
(
    ID_UTENTE SERIAL PRIMARY KEY,
    USERNAME VARCHAR(200) NOT NULL,
    PASSWORD VARCHAR(255) NULL,
    PRIVILEGI INT NOT NULL,
    FOREIGN KEY (PRIVILEGI) REFERENCES RUOLI (ID_RUOLO)
);


CREATE TABLE Discente
(
    ID_DISCENTE SERIAL PRIMARY KEY,
    NOME VARCHAR(200) NOT NULL,
    COGNOME VARCHAR(200) NOT NULL,
    MAIL VARCHAR(200) NOT NULL,
    FK_UTENTE INT NULL,
    FOREIGN KEY (FK_UTENTE) REFERENCES Utenti (ID_UTENTE)
);

CREATE TABLE Tutor
(
    ID_TUTOR SERIAL PRIMARY KEY,
    FK_UTENTE INT NOT NULL, /*si collega alla tabella utente*/
    NOME VARCHAR(200) NOT NULL,
    COGNOME VARCHAR(200) NOT NULL,
    MAIL VARCHAR(200) NULL,
    INFO VARCHAR(600) NULL, /*Descrizione dell'utente*/
    FOREIGN KEY (FK_UTENTE) REFERENCES Utenti (ID_UTENTE)
);

CREATE TABLE Materie
(
    ID_MATERIA SERIAL PRIMARY KEY,
    NOME_MATERIA VARCHAR(200) NOT NULL
);

CREATE TABLE Tutor_materie
(
    ID SERIAL PRIMARY KEY,
    FK_TUTOR INT NOT NULL,
    FK_MATERIA INT NOT NULL,
    PREZZO INT NULL,
    FOREIGN KEY (FK_TUTOR) REFERENCES Tutor (ID_TUTOR),
    FOREIGN KEY (FK_MATERIA) REFERENCES Materie (ID_MATERIA)
);


CREATE TABLE Lingue
(
    ID_LINGUA INTEGER NOT NULL PRIMARY KEY,
    NOME_LINGUA varchar(100)
);

CREATE TABLE Competenze_linguistiche
(
    ID_COMPETENZE_LINGUISTICHE INTEGER NOT NULL PRIMARY KEY,
    FK_LINGUA INTEGER NOT NULL,
    FK_TUTOR INTEGER NOT NULL,
    FOREIGN KEY (FK_LINGUA) REFERENCES Lingue(ID_LINGUA),
    FOREIGN KEY (FK_TUTOR) REFERENCES Tutor(ID_TUTOR)
);

CREATE TABLE Istruzione
(
    ID_ISTRUZIONE INTEGER NOT NULL PRIMARY KEY,
    LIVELLO_ISTRUZIONE varchar(100)
);

CREATE TABLE Competenze_istr
(
    ID_COMPETENZE INTEGER NOT NULL PRIMARY KEY,
    FK_TUTOR INTEGER NOT NULL,
    FK_ISTRUZIONE INTEGER NOT NULL,
    FOREIGN KEY (FK_TUTOR) REFERENCES Tutor(ID_TUTOR),
    FOREIGN KEY (FK_ISTRUZIONE) REFERENCES Istruzione(ID_ISTRUZIONE)
);

CREATE TABLE Fasce_orarie
(
    ID_FASCIA_ORARIA INTEGER NOT NULL PRIMARY KEY,
    FASCIA_ORARIA varchar,
    GIORNO        varchar
);

CREATE TABLE Lezioni
(
    ID_LEZIONE SERIAL PRIMARY KEY,
    FK_TUTOR INTEGER,
    FK_DISCENTE INTEGER,
    FK_MATERIA  INTEGER,
    FK_FASCIA_ORARIA INTEGER,
    FOREIGN KEY (FK_TUTOR) REFERENCES Tutor(ID_TUTOR),
    FOREIGN KEY (FK_DISCENTE) REFERENCES Discente(ID_DISCENTE),
    FOREIGN KEY (FK_MATERIA) REFERENCES Materie(ID_MATERIA),
    FOREIGN KEY (FK_FASCIA_ORARIA) REFERENCES Fasce_orarie(ID_FASCIA_ORARIA)
);

/* ID -> id dell'utente */
INSERT INTO Utenti (ID_UTENTE, USERNAME, PASSWORD, PRIVILEGI) VALUES (1, 'matteo_franchini', '2414', 2);
INSERT INTO Utenti (ID_UTENTE, USERNAME, PASSWORD, PRIVILEGI) VALUES (2, 'deborabini', '2414', 2);
INSERT INTO Utenti (ID_UTENTE, USERNAME, PASSWORD, PRIVILEGI) VALUES (3, 'elenafreddi', 'abcd', 2);
INSERT INTO Utenti (ID_UTENTE, USERNAME, PASSWORD, PRIVILEGI) VALUES (4, 'mattia_rossi', 'efgh', 2);
INSERT INTO Utenti (ID_UTENTE, USERNAME, PASSWORD, PRIVILEGI) VALUES (5, 'ele_brusco', 'ijkl', 2);
INSERT INTO Utenti (ID_UTENTE, USERNAME, PASSWORD, PRIVILEGI) VALUES (6, 'fede_bastoni', 'lmno', 2);
INSERT INTO Utenti (ID_UTENTE, USERNAME, PASSWORD, PRIVILEGI) VALUES (7, 'giulia_bianchi', '4976', 2);
INSERT INTO Utenti (ID_UTENTE, USERNAME, PASSWORD, PRIVILEGI) VALUES (8, 'luca_ferri', '7684', 2);
INSERT INTO Utenti (ID_UTENTE, USERNAME, PASSWORD, PRIVILEGI) VALUES (9, 'sofia_conti', '2267', 2);
INSERT INTO Utenti (ID_UTENTE, USERNAME, PASSWORD, PRIVILEGI) VALUES (10, 'matteoesposito', '0099', 2);
INSERT INTO Utenti (ID_UTENTE, USERNAME, PASSWORD, PRIVILEGI) VALUES (11, 'andre_romano', '7834', 2);
INSERT INTO Utenti (ID_UTENTE, USERNAME, PASSWORD, PRIVILEGI) VALUES (12, 'elisa_ricci', '1029', 2);
INSERT INTO Utenti (ID_UTENTE, USERNAME, PASSWORD, PRIVILEGI) VALUES (13, 'valentinagreco', '1209', 2);
INSERT INTO Utenti (ID_UTENTE, USERNAME, PASSWORD, PRIVILEGI) VALUES (14, 'fra_gallo', '5091', 2);
INSERT INTO Utenti (ID_UTENTE, USERNAME, PASSWORD, PRIVILEGI) VALUES (15, 'marti_leo', '0981', 2);
INSERT INTO Utenti (ID_UTENTE, USERNAME, PASSWORD, PRIVILEGI) VALUES (16, 'ale_more', '7654', 2);
INSERT INTO Utenti (ID_UTENTE, USERNAME, PASSWORD, PRIVILEGI) VALUES (17, 'chiara_fonta', '876523', 2);
INSERT INTO Utenti (ID_UTENTE, USERNAME, PASSWORD, PRIVILEGI) VALUES (18, 'dave_rina', '8765', 2);
INSERT INTO Utenti (ID_UTENTE, USERNAME, PASSWORD, PRIVILEGI) VALUES (19, 'sara_de_luca', '0981', 2);
INSERT INTO Utenti (ID_UTENTE, USERNAME, PASSWORD, PRIVILEGI) VALUES (20, 'fede_sanna', '3456', 2);
INSERT INTO Utenti (ID_UTENTE, USERNAME, PASSWORD, PRIVILEGI) VALUES (21, 'lauramarini', '1067', 2);
INSERT INTO Utenti (ID_UTENTE, USERNAME, PASSWORD, PRIVILEGI) VALUES (22, 'anna_vitali', '1222', 2);
INSERT INTO Utenti (ID_UTENTE, USERNAME, PASSWORD, PRIVILEGI) VALUES (23, 'simo_orlando', '1424', 2);
INSERT INTO Utenti (ID_UTENTE, USERNAME, PASSWORD, PRIVILEGI) VALUES (24, 'gio_marchetti', '5565', 2);
INSERT INTO Utenti (ID_UTENTE, USERNAME, PASSWORD, PRIVILEGI) VALUES (25, 'anto_romano', '1623', 2);
INSERT INTO Utenti (ID_UTENTE, USERNAME, PASSWORD, PRIVILEGI) VALUES (26, 'auro_bellini', '1623', 2);
INSERT INTO Utenti (ID_UTENTE, USERNAME, PASSWORD, PRIVILEGI) VALUES (27, 'lucasantini', '5290', 2);
INSERT INTO Utenti (ID_UTENTE, USERNAME, PASSWORD, PRIVILEGI) VALUES (28, 'marta_ferraro', '5290', 2);
INSERT INTO Utenti (ID_UTENTE, USERNAME, PASSWORD, PRIVILEGI) VALUES (29, 'giada_rossetti', '6767', 2);
INSERT INTO Utenti (ID_UTENTE, USERNAME, PASSWORD, PRIVILEGI) VALUES (30, 'sabri_morelli', '1502', 2);
INSERT INTO Utenti (ID_UTENTE, USERNAME, PASSWORD, PRIVILEGI) VALUES (31, 'alessandra.verdi', 'x7u9E2', 3);
INSERT INTO Utenti (ID_UTENTE, USERNAME, PASSWORD, PRIVILEGI) VALUES (32, 'riccardo.neri', 'R5t3yZ', 3);
INSERT INTO Utenti (ID_UTENTE, USERNAME, PASSWORD, PRIVILEGI) VALUES (33, 'gaia.parisi', 'Q8w4jK', 3);
INSERT INTO Utenti (ID_UTENTE, USERNAME, PASSWORD, PRIVILEGI) VALUES (34, 'tommaso.grandi', 'F2b6uT', 3);
INSERT INTO Utenti (ID_UTENTE, USERNAME, PASSWORD, PRIVILEGI) VALUES (35, 'giorgia.desantis', 'D7p4eL', 3);
INSERT INTO Utenti (ID_UTENTE, USERNAME, PASSWORD, PRIVILEGI) VALUES (36, 'leonardo.sorrentino', 'M3k9cX', 3);
INSERT INTO Utenti (ID_UTENTE, USERNAME, PASSWORD, PRIVILEGI) VALUES (37, 'alessia.barone', 'V8h2jR', 3);
INSERT INTO Utenti (ID_UTENTE, USERNAME, PASSWORD, PRIVILEGI) VALUES (38, 'daniele.greco', 'Z6q5wP', 3);
INSERT INTO Utenti (ID_UTENTE, USERNAME, PASSWORD, PRIVILEGI) VALUES (39, 'camilla.ruggeri', 'J1u4oB', 3);
INSERT INTO Utenti (ID_UTENTE, USERNAME, PASSWORD, PRIVILEGI) VALUES (40, 'filippo.marchesi', 'K3m8sT', 3);
INSERT INTO Utenti (ID_UTENTE, USERNAME, PASSWORD, PRIVILEGI) VALUES (41, 'martina.damico', 'N2z7dC', 3);
INSERT INTO Utenti (ID_UTENTE, USERNAME, PASSWORD, PRIVILEGI) VALUES (42, 'lorenzo.serra', 'H4v6gF', 3);
INSERT INTO Utenti (ID_UTENTE, USERNAME, PASSWORD, PRIVILEGI) VALUES (43, 'sofia.testa', 'P9b3nM', 3);
INSERT INTO Utenti (ID_UTENTE, USERNAME, PASSWORD, PRIVILEGI) VALUES (44, 'edoardo.barbieri', 'L5j2tQ', 3);
INSERT INTO Utenti (ID_UTENTE, USERNAME, PASSWORD, PRIVILEGI) VALUES (45, 'valeria.pellegrini', 'G8f1wS', 3);

INSERT INTO Discente(ID_DISCENTE, NOME, COGNOME, FK_UTENTE, MAIL) VALUES (1, 'Alessandra', 'Verdi', 31, 'alessandra.verdi@gmail.com');
INSERT INTO Discente(ID_DISCENTE, NOME, COGNOME, FK_UTENTE, MAIL) VALUES (2, 'Riccardo', 'Neri', 32, 'riccardo.neri@gmail.com');
INSERT INTO Discente(ID_DISCENTE, NOME, COGNOME, FK_UTENTE, MAIL) VALUES (3, 'Gaia', 'Parisi', 33, 'gaia.parisi@gmail.com');
INSERT INTO Discente(ID_DISCENTE, NOME, COGNOME, FK_UTENTE, MAIL) VALUES (4, 'Tommaso', 'Grandi', 34, 'tommaso.grandi@gmail.com');
INSERT INTO Discente(ID_DISCENTE, NOME, COGNOME, FK_UTENTE, MAIL) VALUES (5, 'Giorgia', 'De Santis', 35, 'giorgia.desantis@gmail.com');
INSERT INTO Discente(ID_DISCENTE, NOME, COGNOME, FK_UTENTE, MAIL) VALUES (6, 'Leonardo', 'Sorrentino', 36, 'leonardo.sorrentino@gmail.com');
INSERT INTO Discente(ID_DISCENTE, NOME, COGNOME, FK_UTENTE, MAIL) VALUES (7, 'Alessia', 'Barone', 37, 'alessia.barone@gmail.com');
INSERT INTO Discente(ID_DISCENTE, NOME, COGNOME, FK_UTENTE, MAIL) VALUES (8, 'Daniele', 'Greco', 38, 'daniele.greco@gmail.com');
INSERT INTO Discente(ID_DISCENTE, NOME, COGNOME, FK_UTENTE, MAIL) VALUES (9, 'Camilla', 'Ruggeri', 39, 'camilla.ruggeri@gmail.com');
INSERT INTO Discente(ID_DISCENTE, NOME, COGNOME, FK_UTENTE, MAIL) VALUES (10, 'Filippo', 'Marchesi', 40, 'filippo.marchesi@gmail.com');
INSERT INTO Discente(ID_DISCENTE, NOME, COGNOME, FK_UTENTE, MAIL) VALUES (11, 'Martina', 'D’Amico', 41, 'martina.damico@gmail.com');
INSERT INTO Discente(ID_DISCENTE, NOME, COGNOME, FK_UTENTE, MAIL) VALUES (12, 'Lorenzo', 'Serra', 42, 'lorenzo.serra@gmail.com');
INSERT INTO Discente(ID_DISCENTE, NOME, COGNOME, FK_UTENTE, MAIL) VALUES (13, 'Sofia', 'Testa', 43, 'sofia.testa@gmail.com');
INSERT INTO Discente(ID_DISCENTE, NOME, COGNOME, FK_UTENTE, MAIL) VALUES (14, 'Edoardo', 'Barbieri', 44, 'edoardo.barbieri@gmail.com');
INSERT INTO Discente(ID_DISCENTE, NOME, COGNOME, FK_UTENTE, MAIL) VALUES (15, 'Valeria', 'Pellegrini', 45, 'valeria.pellegrini@gmail.com');

INSERT INTO Tutor (ID_TUTOR, FK_UTENTE, NOME, COGNOME, MAIL) VALUES (1, 1, 'Matteo', 'Franchini', 'matteo.franchini@gmail.com');
INSERT INTO Tutor (ID_TUTOR, FK_UTENTE, NOME, COGNOME, MAIL) VALUES (2, 2, 'Debora', 'Bini', 'debora.bini@gmail.com');
INSERT INTO Tutor (ID_TUTOR, FK_UTENTE, NOME, COGNOME, MAIL) VALUES (3, 3, 'Elena', 'Freddi', 'elena.freddi@gmail.com');
INSERT INTO Tutor (ID_TUTOR, FK_UTENTE, NOME, COGNOME, MAIL) VALUES (4, 4, 'Mattia', 'Rossi', 'mattia.rossi@gmail.com');
INSERT INTO Tutor (ID_TUTOR, FK_UTENTE, NOME, COGNOME, MAIL) VALUES (5, 5, 'Eleonora', 'Brusco', 'eleonora.brusco@gmail.com');
INSERT INTO Tutor (ID_TUTOR, FK_UTENTE, NOME, COGNOME, MAIL) VALUES (6, 6, 'Federico', 'Bastoni', 'federico.bastoni@gmail.com');
INSERT INTO Tutor (ID_TUTOR, FK_UTENTE, NOME, COGNOME, MAIL) VALUES (7, 7, 'Giulia', 'Bianchi', 'giulia.bianchi@gmail.com');
INSERT INTO Tutor (ID_TUTOR, FK_UTENTE, NOME, COGNOME, MAIL) VALUES (8, 8, 'Luca', 'Ferri', 'luca.ferri@gmail.com');
INSERT INTO Tutor (ID_TUTOR, FK_UTENTE, NOME, COGNOME, MAIL) VALUES (9, 9, 'Sofia', 'Conti', 'sofia.conti@gmail.com');
INSERT INTO Tutor (ID_TUTOR, FK_UTENTE, NOME, COGNOME, MAIL) VALUES (10, 10, 'Matteo', 'Esposito', 'matteo.esposito@gmail.com');
INSERT INTO Tutor (ID_TUTOR, FK_UTENTE, NOME, COGNOME, MAIL) VALUES (11, 11, 'Andrea', 'Romano', 'andrea.romano@gmail.com');
INSERT INTO Tutor (ID_TUTOR, FK_UTENTE, NOME, COGNOME, MAIL) VALUES (12, 12, 'Elisa', 'Ricci', 'elisa.ricci@gmail.com');
INSERT INTO Tutor (ID_TUTOR, FK_UTENTE, NOME, COGNOME, MAIL) VALUES (13, 13, 'Valentina', 'Greco', 'valentina.greco@gmail.com');
INSERT INTO Tutor (ID_TUTOR, FK_UTENTE, NOME, COGNOME, MAIL) VALUES (14, 14, 'Francesco', 'Gallo', 'francesco.gallo@gmail.com');
INSERT INTO Tutor (ID_TUTOR, FK_UTENTE, NOME, COGNOME, MAIL) VALUES (15, 15, 'Martina', 'Leone', 'martina.leone@gmail.com');
INSERT INTO Tutor (ID_TUTOR, FK_UTENTE, NOME, COGNOME, MAIL) VALUES (16, 16, 'Alessandro', 'Moretti', 'alessandro.moretti@gmail.com');
INSERT INTO Tutor (ID_TUTOR, FK_UTENTE, NOME, COGNOME, MAIL) VALUES (17, 17, 'Chiara', 'Fontana', 'chiara.fontana@gmail.com');
INSERT INTO Tutor (ID_TUTOR, FK_UTENTE, NOME, COGNOME, MAIL) VALUES (18, 18, 'Davide', 'Rinaldi', 'davide.rinaldi@gmail.com');
INSERT INTO Tutor (ID_TUTOR, FK_UTENTE, NOME, COGNOME, MAIL) VALUES (19, 19, 'Sara', 'De Luca', 'sara.deluca@gmail.com');
INSERT INTO Tutor (ID_TUTOR, FK_UTENTE, NOME, COGNOME, MAIL) VALUES (20, 20, 'Federica', 'Sanna', 'federica.sanna@gmail.com');
INSERT INTO Tutor (ID_TUTOR, FK_UTENTE, NOME, COGNOME, MAIL) VALUES (21, 21, 'Laura', 'Marini', 'laura.marini@gmail.com');
INSERT INTO Tutor (ID_TUTOR, FK_UTENTE, NOME, COGNOME, MAIL) VALUES (22, 22, 'Anna', 'Vitali', 'anna.vitali@gmail.com');
INSERT INTO Tutor (ID_TUTOR, FK_UTENTE, NOME, COGNOME, MAIL) VALUES (23, 23, 'Simone', 'Orlando', 'simone.orlando@gmail.com');
INSERT INTO Tutor (ID_TUTOR, FK_UTENTE, NOME, COGNOME, MAIL) VALUES (24, 24, 'Giovanni', 'Marchetti', 'giovanni.marchetti@gmail.com');
INSERT INTO Tutor (ID_TUTOR, FK_UTENTE, NOME, COGNOME, MAIL) VALUES (25, 25, 'Antonio', 'Romano', 'antonio.romano@gmail.com');
INSERT INTO Tutor (ID_TUTOR, FK_UTENTE, NOME, COGNOME, MAIL) VALUES (26, 26, 'Aurora', 'Bellini', 'aurora.bellini@gmail.com');
INSERT INTO Tutor (ID_TUTOR, FK_UTENTE, NOME, COGNOME, MAIL) VALUES (27, 27, 'Luca', 'Santini', 'luca.santini@gmail.com');
INSERT INTO Tutor (ID_TUTOR, FK_UTENTE, NOME, COGNOME, MAIL) VALUES (28, 28, 'Marta', 'Ferraro', 'marta.ferraro@gmail.com');
INSERT INTO Tutor (ID_TUTOR, FK_UTENTE, NOME, COGNOME, MAIL) VALUES (29, 29, 'Giada', 'Rossetti', 'giada.rossetti@gmail.com');
INSERT INTO Tutor (ID_TUTOR, FK_UTENTE, NOME, COGNOME, MAIL) VALUES (30, 30, 'Sabrina', 'Morelli', 'sabrina.morelli@gmail.com');

INSERT INTO Materie (ID_MATERIA, NOME_MATERIA) VALUES (1, 'Matematica');
INSERT INTO Materie (ID_MATERIA, NOME_MATERIA) VALUES (2, 'Analisi Matematica');
INSERT INTO Materie (ID_MATERIA, NOME_MATERIA) VALUES (3, 'Fisica');
INSERT INTO Materie (ID_MATERIA, NOME_MATERIA) VALUES (4, 'Chimica');
INSERT INTO Materie (ID_MATERIA, NOME_MATERIA) VALUES (5, 'Biologia');
INSERT INTO Materie (ID_MATERIA, NOME_MATERIA) VALUES (6, 'Scienze');
INSERT INTO Materie (ID_MATERIA, NOME_MATERIA) VALUES (7, 'Storia');
INSERT INTO Materie (ID_MATERIA, NOME_MATERIA) VALUES (8, 'Arte & Storia');
INSERT INTO Materie (ID_MATERIA, NOME_MATERIA) VALUES (9, 'Geografia');
INSERT INTO Materie (ID_MATERIA, NOME_MATERIA) VALUES (10, 'Diritto ed economia');
INSERT INTO Materie (ID_MATERIA, NOME_MATERIA) VALUES (11, 'Diritto privato');
INSERT INTO Materie (ID_MATERIA, NOME_MATERIA) VALUES (12, 'Diritto costituzionale');
INSERT INTO Materie (ID_MATERIA, NOME_MATERIA) VALUES (13, 'Diritto europeo');
INSERT INTO Materie (ID_MATERIA, NOME_MATERIA) VALUES (14, 'Filosofia');
INSERT INTO Materie (ID_MATERIA, NOME_MATERIA) VALUES (15, 'Greco');
INSERT INTO Materie (ID_MATERIA, NOME_MATERIA) VALUES (16, 'Latino');
INSERT INTO Materie (ID_MATERIA, NOME_MATERIA) VALUES (17, 'Scienze sociali');
INSERT INTO Materie (ID_MATERIA, NOME_MATERIA) VALUES (18, 'Antropologia');
INSERT INTO Materie (ID_MATERIA, NOME_MATERIA) VALUES (19, 'Sociologia');
INSERT INTO Materie (ID_MATERIA, NOME_MATERIA) VALUES (20, 'Psicologia');
INSERT INTO Materie (ID_MATERIA, NOME_MATERIA) VALUES (21, 'Storia della musica');
INSERT INTO Materie (ID_MATERIA, NOME_MATERIA) VALUES (22, 'Storia del teatro');
INSERT INTO Materie (ID_MATERIA, NOME_MATERIA) VALUES (23, 'Recitazione');
INSERT INTO Materie (ID_MATERIA, NOME_MATERIA) VALUES (24, 'Sistemi e reti');
INSERT INTO Materie (ID_MATERIA, NOME_MATERIA) VALUES (25, 'Programmazione');
INSERT INTO Materie (ID_MATERIA, NOME_MATERIA) VALUES (26, 'Tecnologie');
INSERT INTO Materie (ID_MATERIA, NOME_MATERIA) VALUES (27, 'Italiano');
INSERT INTO Materie (ID_MATERIA, NOME_MATERIA) VALUES (28, 'Inglese');
INSERT INTO Materie (ID_MATERIA, NOME_MATERIA) VALUES (29, 'Spagnolo');
INSERT INTO Materie (ID_MATERIA, NOME_MATERIA) VALUES (30, 'Francese');
INSERT INTO Materie (ID_MATERIA, NOME_MATERIA) VALUES (31, 'Tedesco');
INSERT INTO Materie (ID_MATERIA, NOME_MATERIA) VALUES (32, 'Russo');
INSERT INTO Materie (ID_MATERIA, NOME_MATERIA) VALUES (33, 'Cinese');


INSERT INTO Tutor_materie(ID, FK_MATERIA, FK_TUTOR, PREZZO) VALUES ( 1, 25, 1, 16 );
INSERT INTO Tutor_materie(ID, FK_MATERIA, FK_TUTOR, PREZZO) VALUES ( 2, 26, 1, 26 );
INSERT INTO Tutor_materie(ID, FK_MATERIA, FK_TUTOR, PREZZO) VALUES ( 3, 1, 1, 26 );
INSERT INTO Tutor_materie(ID, FK_MATERIA, FK_TUTOR, PREZZO) VALUES ( 4, 24, 2, 17);
INSERT INTO Tutor_materie(ID, FK_MATERIA, FK_TUTOR, PREZZO) VALUES ( 5, 25, 2, 22);
INSERT INTO Tutor_materie(ID, FK_MATERIA, FK_TUTOR, PREZZO) VALUES ( 6, 28, 3, 18);
INSERT INTO Tutor_materie(ID, FK_MATERIA, FK_TUTOR, PREZZO) VALUES ( 7, 31, 3, 20);
INSERT INTO Tutor_materie(ID, FK_MATERIA, FK_TUTOR, PREZZO) VALUES ( 8, 26, 4, 19);
INSERT INTO Tutor_materie(ID, FK_MATERIA, FK_TUTOR, PREZZO) VALUES ( 9, 14, 5, 28);
INSERT INTO Tutor_materie(ID, FK_MATERIA, FK_TUTOR, PREZZO) VALUES ( 10, 32, 6, 34);
INSERT INTO Tutor_materie(ID, FK_MATERIA, FK_TUTOR, PREZZO) VALUES ( 11, 33, 7, 34);
INSERT INTO Tutor_materie(ID, FK_MATERIA, FK_TUTOR, PREZZO) VALUES ( 12, 7, 8, 19);
INSERT INTO Tutor_materie(ID, FK_MATERIA, FK_TUTOR, PREZZO) VALUES ( 13, 8, 8, 18);
INSERT INTO Tutor_materie(ID, FK_MATERIA, FK_TUTOR, PREZZO) VALUES ( 14, 9, 8, 17);
INSERT INTO Tutor_materie(ID, FK_MATERIA, FK_TUTOR, PREZZO) VALUES ( 15, 2, 9, 19);
INSERT INTO Tutor_materie(ID, FK_MATERIA, FK_TUTOR, PREZZO) VALUES ( 16, 3, 9, 18);
INSERT INTO Tutor_materie(ID, FK_MATERIA, FK_TUTOR, PREZZO) VALUES ( 17, 4, 9, 17);
INSERT INTO Tutor_materie(ID, FK_MATERIA, FK_TUTOR, PREZZO) VALUES ( 18, 10, 10, 12);
INSERT INTO Tutor_materie(ID, FK_MATERIA, FK_TUTOR, PREZZO) VALUES ( 19, 11, 10, 23);
INSERT INTO Tutor_materie(ID, FK_MATERIA, FK_TUTOR, PREZZO) VALUES ( 20, 12, 10, 29);
INSERT INTO Tutor_materie(ID, FK_MATERIA, FK_TUTOR, PREZZO) VALUES ( 21, 13, 10, 34);
INSERT INTO Tutor_materie(ID, FK_MATERIA, FK_TUTOR, PREZZO) VALUES ( 22, 8, 11, 16);
INSERT INTO Tutor_materie(ID, FK_MATERIA, FK_TUTOR, PREZZO) VALUES ( 23, 8, 12, 19);
INSERT INTO Tutor_materie(ID, FK_MATERIA, FK_TUTOR, PREZZO) VALUES ( 24, 27, 13, 19);
INSERT INTO Tutor_materie(ID, FK_MATERIA, FK_TUTOR, PREZZO) VALUES ( 25, 15, 13, 19);
INSERT INTO Tutor_materie(ID, FK_MATERIA, FK_TUTOR, PREZZO) VALUES ( 26, 16, 13, 19);
INSERT INTO Tutor_materie(ID, FK_MATERIA, FK_TUTOR, PREZZO) VALUES ( 27, 7, 13, 19);
INSERT INTO Tutor_materie(ID, FK_MATERIA, FK_TUTOR, PREZZO) VALUES ( 28, 30, 14, 19);
INSERT INTO Tutor_materie(ID, FK_MATERIA, FK_TUTOR, PREZZO) VALUES ( 29, 27, 15, 25);
INSERT INTO Tutor_materie(ID, FK_MATERIA, FK_TUTOR, PREZZO) VALUES ( 30, 22, 16, 25);
INSERT INTO Tutor_materie(ID, FK_MATERIA, FK_TUTOR, PREZZO) VALUES ( 31, 23, 16, 16);
INSERT INTO Tutor_materie(ID, FK_MATERIA, FK_TUTOR, PREZZO) VALUES ( 32, 19, 17, 28);
INSERT INTO Tutor_materie(ID, FK_MATERIA, FK_TUTOR, PREZZO) VALUES ( 33, 20, 17, 26);
INSERT INTO Tutor_materie(ID, FK_MATERIA, FK_TUTOR, PREZZO) VALUES ( 34, 7, 18, 18);
INSERT INTO Tutor_materie(ID, FK_MATERIA, FK_TUTOR, PREZZO) VALUES ( 35, 9, 18, 15);
INSERT INTO Tutor_materie(ID, FK_MATERIA, FK_TUTOR, PREZZO) VALUES ( 36, 10, 19, 25);
INSERT INTO Tutor_materie(ID, FK_MATERIA, FK_TUTOR, PREZZO) VALUES ( 37, 11, 19, 28);
INSERT INTO Tutor_materie(ID, FK_MATERIA, FK_TUTOR, PREZZO) VALUES ( 38, 12, 19, 30);
INSERT INTO Tutor_materie(ID, FK_MATERIA, FK_TUTOR, PREZZO) VALUES ( 39, 17, 20, 23);
INSERT INTO Tutor_materie(ID, FK_MATERIA, FK_TUTOR, PREZZO) VALUES ( 40, 18, 20, 21);
INSERT INTO Tutor_materie(ID, FK_MATERIA, FK_TUTOR, PREZZO) VALUES ( 41, 19, 20, 19);
INSERT INTO Tutor_materie(ID, FK_MATERIA, FK_TUTOR, PREZZO) VALUES ( 42, 20, 20, 17);
INSERT INTO Tutor_materie(ID, FK_MATERIA, FK_TUTOR, PREZZO) VALUES ( 43, 29, 21, 22);
INSERT INTO Tutor_materie(ID, FK_MATERIA, FK_TUTOR, PREZZO) VALUES ( 44, 1, 22, 32);
INSERT INTO Tutor_materie(ID, FK_MATERIA, FK_TUTOR, PREZZO) VALUES ( 45, 2, 22, 17);
INSERT INTO Tutor_materie(ID, FK_MATERIA, FK_TUTOR, PREZZO) VALUES ( 46, 3, 22, 18);
INSERT INTO Tutor_materie(ID, FK_MATERIA, FK_TUTOR, PREZZO) VALUES ( 47, 19, 23, 19);
INSERT INTO Tutor_materie(ID, FK_MATERIA, FK_TUTOR, PREZZO) VALUES ( 48, 20, 23, 27);
INSERT INTO Tutor_materie(ID, FK_MATERIA, FK_TUTOR, PREZZO) VALUES ( 49, 21, 24, 24);
INSERT INTO Tutor_materie(ID, FK_MATERIA, FK_TUTOR, PREZZO) VALUES ( 50, 28, 25, 19);
INSERT INTO Tutor_materie(ID, FK_MATERIA, FK_TUTOR, PREZZO) VALUES ( 51, 30, 25, 15);
INSERT INTO Tutor_materie(ID, FK_MATERIA, FK_TUTOR, PREZZO) VALUES ( 52, 5, 26, 29);
INSERT INTO Tutor_materie(ID, FK_MATERIA, FK_TUTOR, PREZZO) VALUES ( 53, 6, 26, 22);
INSERT INTO Tutor_materie(ID, FK_MATERIA, FK_TUTOR, PREZZO) VALUES ( 54, 17, 27, 25);
INSERT INTO Tutor_materie(ID, FK_MATERIA, FK_TUTOR, PREZZO) VALUES ( 55, 18, 27, 20);
INSERT INTO Tutor_materie(ID, FK_MATERIA, FK_TUTOR, PREZZO) VALUES ( 56, 1, 28, 16);
INSERT INTO Tutor_materie(ID, FK_MATERIA, FK_TUTOR, PREZZO) VALUES ( 57, 2, 28, 19);
INSERT INTO Tutor_materie(ID, FK_MATERIA, FK_TUTOR, PREZZO) VALUES ( 58, 3, 28, 35);
INSERT INTO Tutor_materie(ID, FK_MATERIA, FK_TUTOR, PREZZO) VALUES ( 59, 4, 29, 26);
INSERT INTO Tutor_materie(ID, FK_MATERIA, FK_TUTOR, PREZZO) VALUES ( 60, 33, 30, 27);

INSERT INTO fasce_orarie (ID_FASCIA_ORARIA, FASCIA_ORARIA, GIORNO) VALUES (1, '08:00', 'lun');
INSERT INTO fasce_orarie (ID_FASCIA_ORARIA, FASCIA_ORARIA, GIORNO) VALUES (2, '09:00', 'lun');
INSERT INTO fasce_orarie (ID_FASCIA_ORARIA, FASCIA_ORARIA, GIORNO) VALUES (3, '10:00', 'lun');
INSERT INTO fasce_orarie (ID_FASCIA_ORARIA, FASCIA_ORARIA, GIORNO) VALUES (4, '11:00', 'lun');
INSERT INTO fasce_orarie (ID_FASCIA_ORARIA, FASCIA_ORARIA, GIORNO) VALUES (5, '14:00', 'lun');
INSERT INTO fasce_orarie (ID_FASCIA_ORARIA, FASCIA_ORARIA, GIORNO) VALUES (6, '15:00', 'lun');
INSERT INTO fasce_orarie (ID_FASCIA_ORARIA, FASCIA_ORARIA, GIORNO) VALUES (7, '16:00', 'lun');
INSERT INTO fasce_orarie (ID_FASCIA_ORARIA, FASCIA_ORARIA, GIORNO) VALUES (8, '17:00', 'lun');
INSERT INTO fasce_orarie (ID_FASCIA_ORARIA, FASCIA_ORARIA, GIORNO) VALUES (9, '18:00', 'lun');
INSERT INTO fasce_orarie (ID_FASCIA_ORARIA, FASCIA_ORARIA, GIORNO) VALUES (10, '21:00', 'lun');

INSERT INTO fasce_orarie (ID_FASCIA_ORARIA, FASCIA_ORARIA, GIORNO) VALUES (11, '08:00', 'mar');
INSERT INTO fasce_orarie (ID_FASCIA_ORARIA, FASCIA_ORARIA, GIORNO) VALUES (12, '09:00', 'mar');
INSERT INTO fasce_orarie (ID_FASCIA_ORARIA, FASCIA_ORARIA, GIORNO) VALUES (13, '10:00', 'mar');
INSERT INTO fasce_orarie (ID_FASCIA_ORARIA, FASCIA_ORARIA, GIORNO) VALUES (14, '11:00', 'mar');
INSERT INTO fasce_orarie (ID_FASCIA_ORARIA, FASCIA_ORARIA, GIORNO) VALUES (15, '14:00', 'mar');
INSERT INTO fasce_orarie (ID_FASCIA_ORARIA, FASCIA_ORARIA, GIORNO) VALUES (16, '15:00', 'mar');
INSERT INTO fasce_orarie (ID_FASCIA_ORARIA, FASCIA_ORARIA, GIORNO) VALUES (17, '16:00', 'mar');
INSERT INTO fasce_orarie (ID_FASCIA_ORARIA, FASCIA_ORARIA, GIORNO) VALUES (18, '17:00', 'mar');
INSERT INTO fasce_orarie (ID_FASCIA_ORARIA, FASCIA_ORARIA, GIORNO) VALUES (19, '18:00', 'mar');
INSERT INTO fasce_orarie (ID_FASCIA_ORARIA, FASCIA_ORARIA, GIORNO) VALUES (20, '21:00', 'mar');

INSERT INTO fasce_orarie (ID_FASCIA_ORARIA, FASCIA_ORARIA, GIORNO) VALUES (21, '08:00', 'mer');
INSERT INTO fasce_orarie (ID_FASCIA_ORARIA, FASCIA_ORARIA, GIORNO) VALUES (22, '09:00', 'mer');
INSERT INTO fasce_orarie (ID_FASCIA_ORARIA, FASCIA_ORARIA, GIORNO) VALUES (23, '10:00', 'mer');
INSERT INTO fasce_orarie (ID_FASCIA_ORARIA, FASCIA_ORARIA, GIORNO) VALUES (24, '11:00', 'mer');
INSERT INTO fasce_orarie (ID_FASCIA_ORARIA, FASCIA_ORARIA, GIORNO) VALUES (25, '14:00', 'mer');
INSERT INTO fasce_orarie (ID_FASCIA_ORARIA, FASCIA_ORARIA, GIORNO) VALUES (26, '15:00', 'mer');
INSERT INTO fasce_orarie (ID_FASCIA_ORARIA, FASCIA_ORARIA, GIORNO) VALUES (27, '16:00', 'mer');
INSERT INTO fasce_orarie (ID_FASCIA_ORARIA, FASCIA_ORARIA, GIORNO) VALUES (28, '17:00', 'mer');
INSERT INTO fasce_orarie (ID_FASCIA_ORARIA, FASCIA_ORARIA, GIORNO) VALUES (29, '18:00', 'mer');
INSERT INTO fasce_orarie (ID_FASCIA_ORARIA, FASCIA_ORARIA, GIORNO) VALUES (30, '21:00', 'mer');

INSERT INTO fasce_orarie (ID_FASCIA_ORARIA, FASCIA_ORARIA, GIORNO) VALUES (31, '08:00', 'gio');
INSERT INTO fasce_orarie (ID_FASCIA_ORARIA, FASCIA_ORARIA, GIORNO) VALUES (32, '09:00', 'gio');
INSERT INTO fasce_orarie (ID_FASCIA_ORARIA, FASCIA_ORARIA, GIORNO) VALUES (33, '10:00', 'gio');
INSERT INTO fasce_orarie (ID_FASCIA_ORARIA, FASCIA_ORARIA, GIORNO) VALUES (34, '11:00', 'gio');
INSERT INTO fasce_orarie (ID_FASCIA_ORARIA, FASCIA_ORARIA, GIORNO) VALUES (35, '14:00', 'gio');
INSERT INTO fasce_orarie (ID_FASCIA_ORARIA, FASCIA_ORARIA, GIORNO) VALUES (36, '15:00', 'gio');
INSERT INTO fasce_orarie (ID_FASCIA_ORARIA, FASCIA_ORARIA, GIORNO) VALUES (37, '16:00', 'gio');
INSERT INTO fasce_orarie (ID_FASCIA_ORARIA, FASCIA_ORARIA, GIORNO) VALUES (38, '17:00', 'gio');
INSERT INTO fasce_orarie (ID_FASCIA_ORARIA, FASCIA_ORARIA, GIORNO) VALUES (39, '18:00', 'gio');
INSERT INTO fasce_orarie (ID_FASCIA_ORARIA, FASCIA_ORARIA, GIORNO) VALUES (40, '21:00', 'gio');

INSERT INTO fasce_orarie (ID_FASCIA_ORARIA, FASCIA_ORARIA, GIORNO) VALUES (41, '08:00', 'ven');
INSERT INTO fasce_orarie (ID_FASCIA_ORARIA, FASCIA_ORARIA, GIORNO) VALUES (42, '09:00', 'ven');
INSERT INTO fasce_orarie (ID_FASCIA_ORARIA, FASCIA_ORARIA, GIORNO) VALUES (43, '10:00', 'ven');
INSERT INTO fasce_orarie (ID_FASCIA_ORARIA, FASCIA_ORARIA, GIORNO) VALUES (44, '11:00', 'ven');
INSERT INTO fasce_orarie (ID_FASCIA_ORARIA, FASCIA_ORARIA, GIORNO) VALUES (45, '14:00', 'ven');
INSERT INTO fasce_orarie (ID_FASCIA_ORARIA, FASCIA_ORARIA, GIORNO) VALUES (46, '15:00', 'ven');
INSERT INTO fasce_orarie (ID_FASCIA_ORARIA, FASCIA_ORARIA, GIORNO) VALUES (47, '16:00', 'ven');
INSERT INTO fasce_orarie (ID_FASCIA_ORARIA, FASCIA_ORARIA, GIORNO) VALUES (48, '17:00', 'ven');
INSERT INTO fasce_orarie (ID_FASCIA_ORARIA, FASCIA_ORARIA, GIORNO) VALUES (49, '18:00', 'ven');
INSERT INTO fasce_orarie (ID_FASCIA_ORARIA, FASCIA_ORARIA, GIORNO) VALUES (50, '21:00', 'ven');

INSERT INTO lingue (ID_LINGUA, NOME_LINGUA) VALUES (1, 'Italiano');
INSERT INTO lingue (ID_LINGUA, NOME_LINGUA) VALUES (2, 'Inglese');
INSERT INTO lingue (ID_LINGUA, NOME_LINGUA) VALUES (3, 'Spagnolo');
INSERT INTO lingue (ID_LINGUA, NOME_LINGUA) VALUES (4, 'Francese');
INSERT INTO lingue (ID_LINGUA, NOME_LINGUA) VALUES (5, 'Tedesco');

INSERT INTO istruzione (ID_ISTRUZIONE, LIVELLO_ISTRUZIONE) VALUES (1, 'Diploma');
INSERT INTO istruzione (ID_ISTRUZIONE, LIVELLO_ISTRUZIONE) VALUES (2, 'Laurea Triennale');
INSERT INTO istruzione (ID_ISTRUZIONE, LIVELLO_ISTRUZIONE) VALUES (3, 'Laurea Magistrale');
INSERT INTO istruzione (ID_ISTRUZIONE, LIVELLO_ISTRUZIONE) VALUES (4, 'Dottorato');

INSERT INTO competenze_linguistiche (ID_COMPETENZE_LINGUISTICHE, FK_LINGUA, FK_TUTOR) VALUES (1, 1, 1);
INSERT INTO competenze_linguistiche (ID_COMPETENZE_LINGUISTICHE, FK_LINGUA, FK_TUTOR) VALUES (2, 2, 2);
INSERT INTO competenze_linguistiche (ID_COMPETENZE_LINGUISTICHE, FK_LINGUA, FK_TUTOR) VALUES (3, 3, 3);
INSERT INTO competenze_linguistiche (ID_COMPETENZE_LINGUISTICHE, FK_LINGUA, FK_TUTOR) VALUES (4, 4, 4);
INSERT INTO competenze_linguistiche (ID_COMPETENZE_LINGUISTICHE, FK_LINGUA, FK_TUTOR) VALUES (5, 5, 5);
INSERT INTO competenze_linguistiche (ID_COMPETENZE_LINGUISTICHE, FK_LINGUA, FK_TUTOR) VALUES (6, 1, 6);
INSERT INTO competenze_linguistiche (ID_COMPETENZE_LINGUISTICHE, FK_LINGUA, FK_TUTOR) VALUES (7, 2, 7);
INSERT INTO competenze_linguistiche (ID_COMPETENZE_LINGUISTICHE, FK_LINGUA, FK_TUTOR) VALUES (8, 3, 8);
INSERT INTO competenze_linguistiche (ID_COMPETENZE_LINGUISTICHE, FK_LINGUA, FK_TUTOR) VALUES (9, 4, 9);
INSERT INTO competenze_linguistiche (ID_COMPETENZE_LINGUISTICHE, FK_LINGUA, FK_TUTOR) VALUES (10, 5, 10);
INSERT INTO competenze_linguistiche (ID_COMPETENZE_LINGUISTICHE, FK_LINGUA, FK_TUTOR) VALUES (11, 1, 11);
INSERT INTO competenze_linguistiche (ID_COMPETENZE_LINGUISTICHE, FK_LINGUA, FK_TUTOR) VALUES (12, 2, 12);
INSERT INTO competenze_linguistiche (ID_COMPETENZE_LINGUISTICHE, FK_LINGUA, FK_TUTOR) VALUES (13, 3, 13);
INSERT INTO competenze_linguistiche (ID_COMPETENZE_LINGUISTICHE, FK_LINGUA, FK_TUTOR) VALUES (14, 4, 14);
INSERT INTO competenze_linguistiche (ID_COMPETENZE_LINGUISTICHE, FK_LINGUA, FK_TUTOR) VALUES (15, 5, 15);
INSERT INTO competenze_linguistiche (ID_COMPETENZE_LINGUISTICHE, FK_LINGUA, FK_TUTOR) VALUES (16, 1, 16);
INSERT INTO competenze_linguistiche (ID_COMPETENZE_LINGUISTICHE, FK_LINGUA, FK_TUTOR) VALUES (17, 2, 17);
INSERT INTO competenze_linguistiche (ID_COMPETENZE_LINGUISTICHE, FK_LINGUA, FK_TUTOR) VALUES (18, 3, 18);
INSERT INTO competenze_linguistiche (ID_COMPETENZE_LINGUISTICHE, FK_LINGUA, FK_TUTOR) VALUES (19, 4, 19);
INSERT INTO competenze_linguistiche (ID_COMPETENZE_LINGUISTICHE, FK_LINGUA, FK_TUTOR) VALUES (20, 5, 20);
INSERT INTO competenze_linguistiche (ID_COMPETENZE_LINGUISTICHE, FK_LINGUA, FK_TUTOR) VALUES (21, 1, 21);
INSERT INTO competenze_linguistiche (ID_COMPETENZE_LINGUISTICHE, FK_LINGUA, FK_TUTOR) VALUES (22, 2, 22);
INSERT INTO competenze_linguistiche (ID_COMPETENZE_LINGUISTICHE, FK_LINGUA, FK_TUTOR) VALUES (23, 3, 23);
INSERT INTO competenze_linguistiche (ID_COMPETENZE_LINGUISTICHE, FK_LINGUA, FK_TUTOR) VALUES (24, 4, 24);
INSERT INTO competenze_linguistiche (ID_COMPETENZE_LINGUISTICHE, FK_LINGUA, FK_TUTOR) VALUES (25, 5, 25);
INSERT INTO competenze_linguistiche (ID_COMPETENZE_LINGUISTICHE, FK_LINGUA, FK_TUTOR) VALUES (26, 1, 26);
INSERT INTO competenze_linguistiche (ID_COMPETENZE_LINGUISTICHE, FK_LINGUA, FK_TUTOR) VALUES (27, 2, 27);
INSERT INTO competenze_linguistiche (ID_COMPETENZE_LINGUISTICHE, FK_LINGUA, FK_TUTOR) VALUES (28, 3, 28);
INSERT INTO competenze_linguistiche (ID_COMPETENZE_LINGUISTICHE, FK_LINGUA, FK_TUTOR) VALUES (29, 4, 29);
INSERT INTO competenze_linguistiche (ID_COMPETENZE_LINGUISTICHE, FK_LINGUA, FK_TUTOR) VALUES (30, 5, 30);

INSERT INTO competenze_istr (ID_COMPETENZE, FK_TUTOR, FK_ISTRUZIONE) VALUES (1, 1, 2);
INSERT INTO competenze_istr (ID_COMPETENZE, FK_TUTOR, FK_ISTRUZIONE) VALUES (2, 2, 4);
INSERT INTO competenze_istr (ID_COMPETENZE, FK_TUTOR, FK_ISTRUZIONE) VALUES (3, 3, 1);
INSERT INTO competenze_istr (ID_COMPETENZE, FK_TUTOR, FK_ISTRUZIONE) VALUES (4, 4, 3);
INSERT INTO competenze_istr (ID_COMPETENZE, FK_TUTOR, FK_ISTRUZIONE) VALUES (5, 5, 2);
INSERT INTO competenze_istr (ID_COMPETENZE, FK_TUTOR, FK_ISTRUZIONE) VALUES (6, 6, 4);
INSERT INTO competenze_istr (ID_COMPETENZE, FK_TUTOR, FK_ISTRUZIONE) VALUES (7, 7, 1);
INSERT INTO competenze_istr (ID_COMPETENZE, FK_TUTOR, FK_ISTRUZIONE) VALUES (8, 8, 3);
INSERT INTO competenze_istr (ID_COMPETENZE, FK_TUTOR, FK_ISTRUZIONE) VALUES (9, 9, 2);
INSERT INTO competenze_istr (ID_COMPETENZE, FK_TUTOR, FK_ISTRUZIONE) VALUES (10, 10, 4);
INSERT INTO competenze_istr (ID_COMPETENZE, FK_TUTOR, FK_ISTRUZIONE) VALUES (11, 11, 1);
INSERT INTO competenze_istr (ID_COMPETENZE, FK_TUTOR, FK_ISTRUZIONE) VALUES (12, 12, 3);
INSERT INTO competenze_istr (ID_COMPETENZE, FK_TUTOR, FK_ISTRUZIONE) VALUES (13, 13, 2);
INSERT INTO competenze_istr (ID_COMPETENZE, FK_TUTOR, FK_ISTRUZIONE) VALUES (14, 14, 4);
INSERT INTO competenze_istr (ID_COMPETENZE, FK_TUTOR, FK_ISTRUZIONE) VALUES (15, 15, 1);
INSERT INTO competenze_istr (ID_COMPETENZE, FK_TUTOR, FK_ISTRUZIONE) VALUES (16, 16, 3);
INSERT INTO competenze_istr (ID_COMPETENZE, FK_TUTOR, FK_ISTRUZIONE) VALUES (17, 17, 2);
INSERT INTO competenze_istr (ID_COMPETENZE, FK_TUTOR, FK_ISTRUZIONE) VALUES (18, 18, 4);
INSERT INTO competenze_istr (ID_COMPETENZE, FK_TUTOR, FK_ISTRUZIONE) VALUES (19, 19, 1);
INSERT INTO competenze_istr (ID_COMPETENZE, FK_TUTOR, FK_ISTRUZIONE) VALUES (20, 20, 3);
INSERT INTO competenze_istr (ID_COMPETENZE, FK_TUTOR, FK_ISTRUZIONE) VALUES (21, 21, 2);
INSERT INTO competenze_istr (ID_COMPETENZE, FK_TUTOR, FK_ISTRUZIONE) VALUES (22, 22, 4);
INSERT INTO competenze_istr (ID_COMPETENZE, FK_TUTOR, FK_ISTRUZIONE) VALUES (23, 23, 1);
INSERT INTO competenze_istr (ID_COMPETENZE, FK_TUTOR, FK_ISTRUZIONE) VALUES (24, 24, 3);
INSERT INTO competenze_istr (ID_COMPETENZE, FK_TUTOR, FK_ISTRUZIONE) VALUES (25, 25, 2);
INSERT INTO competenze_istr (ID_COMPETENZE, FK_TUTOR, FK_ISTRUZIONE) VALUES (26, 26, 4);
INSERT INTO competenze_istr (ID_COMPETENZE, FK_TUTOR, FK_ISTRUZIONE) VALUES (27, 27, 1);
INSERT INTO competenze_istr (ID_COMPETENZE, FK_TUTOR, FK_ISTRUZIONE) VALUES (28, 28, 3);
INSERT INTO competenze_istr (ID_COMPETENZE, FK_TUTOR, FK_ISTRUZIONE) VALUES (29, 29, 2);
INSERT INTO competenze_istr (ID_COMPETENZE, FK_TUTOR, FK_ISTRUZIONE) VALUES (30, 30, 4);
