CREATE TABLE RUOLI
(
    ID_RUOLO SERIAL PRIMARY KEY,
    RUOLO_DESC VARCHAR(200) NOT NULL
);

INSERT INTO RUOLI (ID_RUOLO, RUOLO_DESC) VALUES (1, 'root'), (2, 'tutor'), (3, 'user');

CREATE TABLE Utenti
(
    ID_UTENTE SERIAL PRIMARY KEY,
    USERNAME VARCHAR(200) NOT NULL,
    PASSWORD VARCHAR(255) NULL,
    PRIVILEGI INT NOT NULL,
    FOREIGN KEY (PRIVILEGI) REFERENCES RUOLI (ID_RUOLO)
);

CREATE TABLE Discente
(
    ID_DISCENTE SERIAL PRIMARY KEY,
    NOME VARCHAR(200) NOT NULL,
    COGNOME VARCHAR(200) NOT NULL,
    MAIL VARCHAR(200) NOT NULL,
    FK_UTENTE INT NULL,
    FOREIGN KEY (FK_UTENTE) REFERENCES Utenti (ID_UTENTE)
);

CREATE TABLE Tutor
(
    ID_TUTOR SERIAL PRIMARY KEY,
    FK_UTENTE INT NOT NULL, /*si collega alla tabella utente*/
    NOME VARCHAR(200) NOT NULL,
    COGNOME VARCHAR(200) NOT NULL,
    MAIL VARCHAR(200) NULL,
    INFO VARCHAR(600) NULL, /*Descrizione dell'utente*/
    FOREIGN KEY (FK_UTENTE) REFERENCES Utenti (ID_UTENTE)
);

CREATE TABLE Materie
(
    ID_MATERIA SERIAL PRIMARY KEY,
    NOME_MATERIA VARCHAR(200) NOT NULL
);

CREATE TABLE Tutor_materie
(
    ID SERIAL PRIMARY KEY,
    FK_TUTOR INT NOT NULL,
    FK_MATERIA INT NOT NULL,
    PREZZO INT NULL,
    FOREIGN KEY (FK_TUTOR) REFERENCES Tutor (ID_TUTOR),
    FOREIGN KEY (FK_MATERIA) REFERENCES Materie (ID_MATERIA)
);

CREATE TABLE Lingue
(
    ID_LINGUA SERIAL PRIMARY KEY,
    NOME_LINGUA varchar(100)
);

CREATE TABLE Competenze_linguistiche
(
    ID_COMPETENZE_LINGUISTICHE SERIAL PRIMARY KEY,
    FK_LINGUA INTEGER NOT NULL,
    FK_TUTOR INTEGER NOT NULL,
    FOREIGN KEY (FK_LINGUA) REFERENCES Lingue(ID_LINGUA),
    FOREIGN KEY (FK_TUTOR) REFERENCES Tutor(ID_TUTOR)
);

CREATE TABLE Istruzione
(
    ID_ISTRUZIONE SERIAL PRIMARY KEY,
    LIVELLO_ISTRUZIONE varchar(100)
);

CREATE TABLE Competenze_istr
(
    ID_COMPETENZE SERIAL PRIMARY KEY,
    FK_TUTOR INTEGER NOT NULL,
    FK_ISTRUZIONE INTEGER NOT NULL,
    FOREIGN KEY (FK_TUTOR) REFERENCES Tutor(ID_TUTOR),
    FOREIGN KEY (FK_ISTRUZIONE) REFERENCES Istruzione(ID_ISTRUZIONE)
);

CREATE TABLE Fasce_orarie
(
    ID_FASCIA_ORARIA SERIAL PRIMARY KEY,
    FASCIA_ORARIA varchar,
    GIORNO        varchar
);

CREATE TABLE Lezioni
(
    ID_LEZIONE SERIAL PRIMARY KEY,
    FK_TUTOR INTEGER,
    FK_DISCENTE INTEGER,
    FK_MATERIA  INTEGER,
    FK_FASCIA_ORARIA INTEGER,
    FOREIGN KEY (FK_TUTOR) REFERENCES Tutor(ID_TUTOR),
    FOREIGN KEY (FK_DISCENTE) REFERENCES Discente(ID_DISCENTE),
    FOREIGN KEY (FK_MATERIA) REFERENCES Materie(ID_MATERIA),
    FOREIGN KEY (FK_FASCIA_ORARIA) REFERENCES Fasce_orarie(ID_FASCIA_ORARIA)
);

/* ID -> id dell'utente */

INSERT INTO Utenti (USERNAME, PASSWORD, PRIVILEGI) VALUES ('matteo_franchini', '2414', 2);
INSERT INTO Utenti (USERNAME, PASSWORD, PRIVILEGI) VALUES ('deborabini', '2414', 2);
INSERT INTO Utenti (USERNAME, PASSWORD, PRIVILEGI) VALUES ('elenafreddi', 'abcd', 2);
INSERT INTO Utenti (USERNAME, PASSWORD, PRIVILEGI) VALUES ('mattia_rossi', 'efgh', 2);
INSERT INTO Utenti (USERNAME, PASSWORD, PRIVILEGI) VALUES ('ele_brusco', 'ijkl', 2);
INSERT INTO Utenti (USERNAME, PASSWORD, PRIVILEGI) VALUES ('fede_bastoni', 'lmno', 2);
INSERT INTO Utenti (USERNAME, PASSWORD, PRIVILEGI) VALUES ('giulia_bianchi', '4976', 2);
INSERT INTO Utenti (USERNAME, PASSWORD, PRIVILEGI) VALUES ('luca_ferri', '7684', 2);
INSERT INTO Utenti (USERNAME, PASSWORD, PRIVILEGI) VALUES ('sofia_conti', '2267', 2);
INSERT INTO Utenti (USERNAME, PASSWORD, PRIVILEGI) VALUES ('matteoesposito', '0099', 2);
INSERT INTO Utenti (USERNAME, PASSWORD, PRIVILEGI) VALUES ('andre_romano', '7834', 2);
INSERT INTO Utenti (USERNAME, PASSWORD, PRIVILEGI) VALUES ('elisa_ricci', '1029', 2);
INSERT INTO Utenti (USERNAME, PASSWORD, PRIVILEGI) VALUES ('valentinagreco', '1209', 2);
INSERT INTO Utenti (USERNAME, PASSWORD, PRIVILEGI) VALUES ('fra_gallo', '5091', 2);
INSERT INTO Utenti (USERNAME, PASSWORD, PRIVILEGI) VALUES ('marti_leo', '0981', 2);
INSERT INTO Utenti (USERNAME, PASSWORD, PRIVILEGI) VALUES ('ale_more', '7654', 2);
INSERT INTO Utenti (USERNAME, PASSWORD, PRIVILEGI) VALUES ('chiara_fonta', '876523', 2);
INSERT INTO Utenti (USERNAME, PASSWORD, PRIVILEGI) VALUES ('dave_rina', '8765', 2);
INSERT INTO Utenti (USERNAME, PASSWORD, PRIVILEGI) VALUES ('sara_de_luca', '0981', 2);
INSERT INTO Utenti (USERNAME, PASSWORD, PRIVILEGI) VALUES ('fede_sanna', '3456', 2);
INSERT INTO Utenti (USERNAME, PASSWORD, PRIVILEGI) VALUES ('lauramarini', '1067', 2);
INSERT INTO Utenti (USERNAME, PASSWORD, PRIVILEGI) VALUES ('anna_vitali', '1222', 2);
INSERT INTO Utenti (USERNAME, PASSWORD, PRIVILEGI) VALUES ('simo_orlando', '1424', 2);
INSERT INTO Utenti (USERNAME, PASSWORD, PRIVILEGI) VALUES ('gio_marchetti', '5565', 2);
INSERT INTO Utenti (USERNAME, PASSWORD, PRIVILEGI) VALUES ('anto_romano', '1623', 2);
INSERT INTO Utenti (USERNAME, PASSWORD, PRIVILEGI) VALUES ('auro_bellini', '1623', 2);
INSERT INTO Utenti (USERNAME, PASSWORD, PRIVILEGI) VALUES ('lucasantini', '5290', 2);
INSERT INTO Utenti (USERNAME, PASSWORD, PRIVILEGI) VALUES ('marta_ferraro', '5290', 2);
INSERT INTO Utenti (USERNAME, PASSWORD, PRIVILEGI) VALUES ('giada_rossetti', '6767', 2);
INSERT INTO Utenti (USERNAME, PASSWORD, PRIVILEGI) VALUES ('sabri_morelli', '1502', 2);
INSERT INTO Utenti (USERNAME, PASSWORD, PRIVILEGI) VALUES ('alessandra.verdi', 'x7u9E2', 3);
INSERT INTO Utenti (USERNAME, PASSWORD, PRIVILEGI) VALUES ('riccardo.neri', 'R5t3yZ', 3);
INSERT INTO Utenti (USERNAME, PASSWORD, PRIVILEGI) VALUES ('gaia.parisi', 'Q8w4jK', 3);
INSERT INTO Utenti (USERNAME, PASSWORD, PRIVILEGI) VALUES ('tommaso.grandi', 'F2b6uT', 3);
INSERT INTO Utenti (USERNAME, PASSWORD, PRIVILEGI) VALUES ('giorgia.desantis', 'D7p4eL', 3);
INSERT INTO Utenti (USERNAME, PASSWORD, PRIVILEGI) VALUES ('leonardo.sorrentino', 'M3k9cX', 3);
INSERT INTO Utenti (USERNAME, PASSWORD, PRIVILEGI) VALUES ('alessia.barone', 'V8h2jR', 3);
INSERT INTO Utenti (USERNAME, PASSWORD, PRIVILEGI) VALUES ('daniele.greco', 'Z6q5wP', 3);
INSERT INTO Utenti (USERNAME, PASSWORD, PRIVILEGI) VALUES ('camilla.ruggeri', 'J1u4oB', 3);
INSERT INTO Utenti (USERNAME, PASSWORD, PRIVILEGI) VALUES ('filippo.marchesi', 'K3m8sT', 3);
INSERT INTO Utenti (USERNAME, PASSWORD, PRIVILEGI) VALUES ('martina.damico', 'N2z7dC', 3);
INSERT INTO Utenti (USERNAME, PASSWORD, PRIVILEGI) VALUES ('lorenzo.serra', 'H4v6gF', 3);
INSERT INTO Utenti (USERNAME, PASSWORD, PRIVILEGI) VALUES ('sofia.testa', 'P9b3nM', 3);
INSERT INTO Utenti (USERNAME, PASSWORD, PRIVILEGI) VALUES ('edoardo.barbieri', 'L5j2tQ', 3);
INSERT INTO Utenti (USERNAME, PASSWORD, PRIVILEGI) VALUES ('valeria.pellegrini', 'G8f1wS', 3);

INSERT INTO Discente(NOME, COGNOME, FK_UTENTE, MAIL) VALUES ('Alessandra', 'Verdi', 31, 'alessandra.verdi@gmail.com');
INSERT INTO Discente(NOME, COGNOME, FK_UTENTE, MAIL) VALUES ('Riccardo', 'Neri', 32, 'riccardo.neri@gmail.com');
INSERT INTO Discente(NOME, COGNOME, FK_UTENTE, MAIL) VALUES ('Gaia', 'Parisi', 33, 'gaia.parisi@gmail.com');
INSERT INTO Discente(NOME, COGNOME, FK_UTENTE, MAIL) VALUES ('Tommaso', 'Grandi', 34, 'tommaso.grandi@gmail.com');
INSERT INTO Discente(NOME, COGNOME, FK_UTENTE, MAIL) VALUES ('Giorgia', 'De Santis', 35, 'giorgia.desantis@gmail.com');
INSERT INTO Discente(NOME, COGNOME, FK_UTENTE, MAIL) VALUES ('Leonardo', 'Sorrentino', 36, 'leonardo.sorrentino@gmail.com');
INSERT INTO Discente(NOME, COGNOME, FK_UTENTE, MAIL) VALUES ('Alessia', 'Barone', 37, 'alessia.barone@gmail.com');
INSERT INTO Discente(NOME, COGNOME, FK_UTENTE, MAIL) VALUES ('Daniele', 'Greco', 38, 'daniele.greco@gmail.com');
INSERT INTO Discente(NOME, COGNOME, FK_UTENTE, MAIL) VALUES ('Camilla', 'Ruggeri', 39, 'camilla.ruggeri@gmail.com');
INSERT INTO Discente(NOME, COGNOME, FK_UTENTE, MAIL) VALUES ('Filippo', 'Marchesi', 40, 'filippo.marchesi@gmail.com');
INSERT INTO Discente(NOME, COGNOME, FK_UTENTE, MAIL) VALUES ('Martina', 'D’Amico', 41, 'martina.damico@gmail.com');
INSERT INTO Discente(NOME, COGNOME, FK_UTENTE, MAIL) VALUES ('Lorenzo', 'Serra', 42, 'lorenzo.serra@gmail.com');
INSERT INTO Discente(NOME, COGNOME, FK_UTENTE, MAIL) VALUES ('Sofia', 'Testa', 43, 'sofia.testa@gmail.com');
INSERT INTO Discente(NOME, COGNOME, FK_UTENTE, MAIL) VALUES ('Edoardo', 'Barbieri', 44, 'edoardo.barbieri@gmail.com');
INSERT INTO Discente(NOME, COGNOME, FK_UTENTE, MAIL) VALUES ('Valeria', 'Pellegrini', 45, 'valeria.pellegrini@gmail.com');

INSERT INTO Tutor (FK_UTENTE, NOME, COGNOME, MAIL) VALUES (1, 'Matteo', 'Franchini', 'matteo.franchini@gmail.com');
INSERT INTO Tutor (FK_UTENTE, NOME, COGNOME, MAIL) VALUES (2, 'Debora', 'Bini', 'debora.bini@gmail.com');
INSERT INTO Tutor (FK_UTENTE, NOME, COGNOME, MAIL) VALUES (3, 'Elena', 'Freddi', 'elena.freddi@gmail.com');
INSERT INTO Tutor (FK_UTENTE, NOME, COGNOME, MAIL) VALUES (4, 'Mattia', 'Rossi', 'mattia.rossi@gmail.com');
INSERT INTO Tutor (FK_UTENTE, NOME, COGNOME, MAIL) VALUES (5, 'Eleonora', 'Brusco', 'eleonora.brusco@gmail.com');
INSERT INTO Tutor (FK_UTENTE, NOME, COGNOME, MAIL) VALUES (6, 'Federico', 'Bastoni', 'federico.bastoni@gmail.com');
INSERT INTO Tutor (FK_UTENTE, NOME, COGNOME, MAIL) VALUES (7, 'Giulia', 'Bianchi', 'giulia.bianchi@gmail.com');
INSERT INTO Tutor (FK_UTENTE, NOME, COGNOME, MAIL) VALUES (8, 'Luca', 'Ferri', 'luca.ferri@gmail.com');
INSERT INTO Tutor (FK_UTENTE, NOME, COGNOME, MAIL) VALUES (9, 'Sofia', 'Conti', 'sofia.conti@gmail.com');
INSERT INTO Tutor (FK_UTENTE, NOME, COGNOME, MAIL) VALUES (10, 'Matteo', 'Esposito', 'matteo.esposito@gmail.com');
INSERT INTO Tutor (FK_UTENTE, NOME, COGNOME, MAIL) VALUES (11, 'Andrea', 'Romano', 'andrea.romano@gmail.com');
INSERT INTO Tutor (FK_UTENTE, NOME, COGNOME, MAIL) VALUES (12, 'Elisa', 'Ricci', 'elisa.ricci@gmail.com');
INSERT INTO Tutor (FK_UTENTE, NOME, COGNOME, MAIL) VALUES (13, 'Valentina', 'Greco', 'valentina.greco@gmail.com');
INSERT INTO Tutor (FK_UTENTE, NOME, COGNOME, MAIL) VALUES (14, 'Francesco', 'Gallo', 'francesco.gallo@gmail.com');
INSERT INTO Tutor (FK_UTENTE, NOME, COGNOME, MAIL) VALUES (15, 'Martina', 'Leone', 'martina.leone@gmail.com');
INSERT INTO Tutor (FK_UTENTE, NOME, COGNOME, MAIL) VALUES (16, 'Alessandro', 'Moretti', 'alessandro.moretti@gmail.com');
INSERT INTO Tutor (FK_UTENTE, NOME, COGNOME, MAIL) VALUES (17, 'Chiara', 'Fontana', 'chiara.fontana@gmail.com');
INSERT INTO Tutor (FK_UTENTE, NOME, COGNOME, MAIL) VALUES (18, 'Davide', 'Rinaldi', 'davide.rinaldi@gmail.com');
INSERT INTO Tutor (FK_UTENTE, NOME, COGNOME, MAIL) VALUES (19, 'Sara', 'De Luca', 'sara.deluca@gmail.com');
INSERT INTO Tutor (FK_UTENTE, NOME, COGNOME, MAIL) VALUES (20, 'Federica', 'Sanna', 'federica.sanna@gmail.com');
INSERT INTO Tutor (FK_UTENTE, NOME, COGNOME, MAIL) VALUES (21, 'Laura', 'Marini', 'laura.marini@gmail.com');
INSERT INTO Tutor (FK_UTENTE, NOME, COGNOME, MAIL) VALUES (22, 'Anna', 'Vitali', 'anna.vitali@gmail.com');
INSERT INTO Tutor (FK_UTENTE, NOME, COGNOME, MAIL) VALUES (23, 'Simone', 'Orlando', 'simone.orlando@gmail.com');
INSERT INTO Tutor (FK_UTENTE, NOME, COGNOME, MAIL) VALUES (24, 'Giovanni', 'Marchetti', 'giovanni.marchetti@gmail.com');
INSERT INTO Tutor (FK_UTENTE, NOME, COGNOME, MAIL) VALUES (25, 'Antonio', 'Romano', 'antonio.romano@gmail.com');
INSERT INTO Tutor (FK_UTENTE, NOME, COGNOME, MAIL) VALUES (26, 'Aurora', 'Bellini', 'aurora.bellini@gmail.com');
INSERT INTO Tutor (FK_UTENTE, NOME, COGNOME, MAIL) VALUES (27, 'Luca', 'Santini', 'luca.santini@gmail.com');
INSERT INTO Tutor (FK_UTENTE, NOME, COGNOME, MAIL) VALUES (28, 'Marta', 'Ferraro', 'marta.ferraro@gmail.com');
INSERT INTO Tutor (FK_UTENTE, NOME, COGNOME, MAIL) VALUES (29, 'Giada', 'Rossetti', 'giada.rossetti@gmail.com');
INSERT INTO Tutor (FK_UTENTE, NOME, COGNOME, MAIL) VALUES (30, 'Sabrina', 'Morelli', 'sabrina.morelli@gmail.com');


INSERT INTO Materie (NOME_MATERIA) VALUES ('Matematica');
INSERT INTO Materie (NOME_MATERIA) VALUES ('Analisi Matematica');
INSERT INTO Materie (NOME_MATERIA) VALUES ('Fisica');
INSERT INTO Materie (NOME_MATERIA) VALUES ('Chimica');
INSERT INTO Materie (NOME_MATERIA) VALUES ('Biologia');
INSERT INTO Materie (NOME_MATERIA) VALUES ('Scienze');
INSERT INTO Materie (NOME_MATERIA) VALUES ('Storia');
INSERT INTO Materie (NOME_MATERIA) VALUES ('Arte & Storia');
INSERT INTO Materie (NOME_MATERIA) VALUES ('Geografia');
INSERT INTO Materie (NOME_MATERIA) VALUES ('Diritto ed economia');
INSERT INTO Materie (NOME_MATERIA) VALUES ('Diritto privato');
INSERT INTO Materie (NOME_MATERIA) VALUES ('Diritto costituzionale');
INSERT INTO Materie (NOME_MATERIA) VALUES ('Diritto europeo');
INSERT INTO Materie (NOME_MATERIA) VALUES ('Filosofia');
INSERT INTO Materie (NOME_MATERIA) VALUES ('Greco');
INSERT INTO Materie (NOME_MATERIA) VALUES ('Latino');
INSERT INTO Materie (NOME_MATERIA) VALUES ('Scienze sociali');
INSERT INTO Materie (NOME_MATERIA) VALUES ('Antropologia');
INSERT INTO Materie (NOME_MATERIA) VALUES ('Sociologia');
INSERT INTO Materie (NOME_MATERIA) VALUES ('Psicologia');
INSERT INTO Materie (NOME_MATERIA) VALUES ('Storia della musica');
INSERT INTO Materie (NOME_MATERIA) VALUES ('Storia del teatro');
INSERT INTO Materie (NOME_MATERIA) VALUES ('Recitazione');
INSERT INTO Materie (NOME_MATERIA) VALUES ('Sistemi e reti');
INSERT INTO Materie (NOME_MATERIA) VALUES ('Programmazione');
INSERT INTO Materie (NOME_MATERIA) VALUES ('Tecnologie');
INSERT INTO Materie (NOME_MATERIA) VALUES ('Italiano');
INSERT INTO Materie (NOME_MATERIA) VALUES ('Inglese');
INSERT INTO Materie (NOME_MATERIA) VALUES ('Spagnolo');
INSERT INTO Materie (NOME_MATERIA) VALUES ('Francese');
INSERT INTO Materie (NOME_MATERIA) VALUES ('Tedesco');
INSERT INTO Materie (NOME_MATERIA) VALUES ('Russo');
INSERT INTO Materie (NOME_MATERIA) VALUES ('Cinese');


INSERT INTO Tutor_materie(FK_MATERIA, FK_TUTOR, PREZZO) VALUES ( 25, 1, 16 );
INSERT INTO Tutor_materie(FK_MATERIA, FK_TUTOR, PREZZO) VALUES ( 26, 1, 26 );
INSERT INTO Tutor_materie(FK_MATERIA, FK_TUTOR, PREZZO) VALUES ( 1, 1, 26 );
INSERT INTO Tutor_materie(FK_MATERIA, FK_TUTOR, PREZZO) VALUES ( 24, 2, 17);
INSERT INTO Tutor_materie(FK_MATERIA, FK_TUTOR, PREZZO) VALUES ( 25, 2, 22);
INSERT INTO Tutor_materie(FK_MATERIA, FK_TUTOR, PREZZO) VALUES ( 28, 3, 18);
INSERT INTO Tutor_materie(FK_MATERIA, FK_TUTOR, PREZZO) VALUES ( 31, 3, 20);
INSERT INTO Tutor_materie(FK_MATERIA, FK_TUTOR, PREZZO) VALUES ( 26, 4, 19);
INSERT INTO Tutor_materie(FK_MATERIA, FK_TUTOR, PREZZO) VALUES ( 14, 5, 28);
INSERT INTO Tutor_materie(FK_MATERIA, FK_TUTOR, PREZZO) VALUES ( 32, 6, 34);
INSERT INTO Tutor_materie(FK_MATERIA, FK_TUTOR, PREZZO) VALUES ( 33, 7, 34);
INSERT INTO Tutor_materie(FK_MATERIA, FK_TUTOR, PREZZO) VALUES ( 7, 8, 19);
INSERT INTO Tutor_materie(FK_MATERIA, FK_TUTOR, PREZZO) VALUES ( 8, 8, 18);
INSERT INTO Tutor_materie(FK_MATERIA, FK_TUTOR, PREZZO) VALUES ( 9, 8, 17);
INSERT INTO Tutor_materie(FK_MATERIA, FK_TUTOR, PREZZO) VALUES ( 2, 9, 19);
INSERT INTO Tutor_materie(FK_MATERIA, FK_TUTOR, PREZZO) VALUES ( 3, 9, 18);
INSERT INTO Tutor_materie(FK_MATERIA, FK_TUTOR, PREZZO) VALUES ( 4, 9, 17);
INSERT INTO Tutor_materie(FK_MATERIA, FK_TUTOR, PREZZO) VALUES ( 10, 10, 12);
INSERT INTO Tutor_materie(FK_MATERIA, FK_TUTOR, PREZZO) VALUES ( 11, 10, 23);
INSERT INTO Tutor_materie(FK_MATERIA, FK_TUTOR, PREZZO) VALUES ( 12, 10, 29);
INSERT INTO Tutor_materie(FK_MATERIA, FK_TUTOR, PREZZO) VALUES ( 13, 10, 34);
INSERT INTO Tutor_materie(FK_MATERIA, FK_TUTOR, PREZZO) VALUES ( 8, 11, 16);
INSERT INTO Tutor_materie(FK_MATERIA, FK_TUTOR, PREZZO) VALUES ( 8, 12, 19);
INSERT INTO Tutor_materie(FK_MATERIA, FK_TUTOR, PREZZO) VALUES ( 27, 13, 19);
INSERT INTO Tutor_materie(FK_MATERIA, FK_TUTOR, PREZZO) VALUES ( 15, 13, 19);
INSERT INTO Tutor_materie(FK_MATERIA, FK_TUTOR, PREZZO) VALUES ( 16, 13, 19);
INSERT INTO Tutor_materie(FK_MATERIA, FK_TUTOR, PREZZO) VALUES ( 7, 13, 19);
INSERT INTO Tutor_materie(FK_MATERIA, FK_TUTOR, PREZZO) VALUES ( 30, 14, 19);
INSERT INTO Tutor_materie(FK_MATERIA, FK_TUTOR, PREZZO) VALUES ( 27, 15, 25);
INSERT INTO Tutor_materie(FK_MATERIA, FK_TUTOR, PREZZO) VALUES ( 22, 16, 25);
INSERT INTO Tutor_materie(FK_MATERIA, FK_TUTOR, PREZZO) VALUES ( 23, 16, 16);
INSERT INTO Tutor_materie(FK_MATERIA, FK_TUTOR, PREZZO) VALUES ( 19, 17, 28);
INSERT INTO Tutor_materie(FK_MATERIA, FK_TUTOR, PREZZO) VALUES ( 20, 17, 26);
INSERT INTO Tutor_materie(FK_MATERIA, FK_TUTOR, PREZZO) VALUES ( 7, 18, 18);
INSERT INTO Tutor_materie(FK_MATERIA, FK_TUTOR, PREZZO) VALUES ( 9, 18, 15);
INSERT INTO Tutor_materie(FK_MATERIA, FK_TUTOR, PREZZO) VALUES ( 10, 19, 25);
INSERT INTO Tutor_materie(FK_MATERIA, FK_TUTOR, PREZZO) VALUES ( 11, 19, 28);
INSERT INTO Tutor_materie(FK_MATERIA, FK_TUTOR, PREZZO) VALUES ( 12, 19, 30);
INSERT INTO Tutor_materie(FK_MATERIA, FK_TUTOR, PREZZO) VALUES ( 17, 20, 23);
INSERT INTO Tutor_materie(FK_MATERIA, FK_TUTOR, PREZZO) VALUES ( 18, 20, 21);
INSERT INTO Tutor_materie(FK_MATERIA, FK_TUTOR, PREZZO) VALUES ( 19, 20, 19);
INSERT INTO Tutor_materie(FK_MATERIA, FK_TUTOR, PREZZO) VALUES ( 20, 20, 17);
INSERT INTO Tutor_materie(FK_MATERIA, FK_TUTOR, PREZZO) VALUES ( 29, 21, 22);
INSERT INTO Tutor_materie(FK_MATERIA, FK_TUTOR, PREZZO) VALUES ( 1, 22, 32);
INSERT INTO Tutor_materie(FK_MATERIA, FK_TUTOR, PREZZO) VALUES ( 2, 22, 17);
INSERT INTO Tutor_materie(FK_MATERIA, FK_TUTOR, PREZZO) VALUES ( 3, 22, 18);
INSERT INTO Tutor_materie(FK_MATERIA, FK_TUTOR, PREZZO) VALUES ( 19, 23, 19);
INSERT INTO Tutor_materie(FK_MATERIA, FK_TUTOR, PREZZO) VALUES ( 20, 23, 27);
INSERT INTO Tutor_materie(FK_MATERIA, FK_TUTOR, PREZZO) VALUES ( 21, 24, 24);
INSERT INTO Tutor_materie(FK_MATERIA, FK_TUTOR, PREZZO) VALUES ( 28, 25, 19);
INSERT INTO Tutor_materie(FK_MATERIA, FK_TUTOR, PREZZO) VALUES ( 30, 25, 15);
INSERT INTO Tutor_materie(FK_MATERIA, FK_TUTOR, PREZZO) VALUES ( 5, 26, 29);
INSERT INTO Tutor_materie(FK_MATERIA, FK_TUTOR, PREZZO) VALUES ( 6, 26, 22);
INSERT INTO Tutor_materie(FK_MATERIA, FK_TUTOR, PREZZO) VALUES ( 17, 27, 25);
INSERT INTO Tutor_materie(FK_MATERIA, FK_TUTOR, PREZZO) VALUES ( 18, 27, 20);
INSERT INTO Tutor_materie(FK_MATERIA, FK_TUTOR, PREZZO) VALUES ( 1, 28, 16);
INSERT INTO Tutor_materie(FK_MATERIA, FK_TUTOR, PREZZO) VALUES ( 2, 28, 19);
INSERT INTO Tutor_materie(FK_MATERIA, FK_TUTOR, PREZZO) VALUES ( 3, 28, 35);
INSERT INTO Tutor_materie(FK_MATERIA, FK_TUTOR, PREZZO) VALUES ( 4, 29, 26);
INSERT INTO Tutor_materie(FK_MATERIA, FK_TUTOR, PREZZO) VALUES ( 33, 30, 27);

INSERT INTO fasce_orarie (FASCIA_ORARIA, GIORNO) VALUES ('08:00', 'lun');
INSERT INTO fasce_orarie (FASCIA_ORARIA, GIORNO) VALUES ('09:00', 'lun');
INSERT INTO fasce_orarie (FASCIA_ORARIA, GIORNO) VALUES ('10:00', 'lun');
INSERT INTO fasce_orarie (FASCIA_ORARIA, GIORNO) VALUES ('11:00', 'lun');
INSERT INTO fasce_orarie (FASCIA_ORARIA, GIORNO) VALUES ('14:00', 'lun');
INSERT INTO fasce_orarie (FASCIA_ORARIA, GIORNO) VALUES ('15:00', 'lun');
INSERT INTO fasce_orarie (FASCIA_ORARIA, GIORNO) VALUES ('16:00', 'lun');
INSERT INTO fasce_orarie (FASCIA_ORARIA, GIORNO) VALUES ('17:00', 'lun');
INSERT INTO fasce_orarie (FASCIA_ORARIA, GIORNO) VALUES ('18:00', 'lun');
INSERT INTO fasce_orarie (FASCIA_ORARIA, GIORNO) VALUES ('21:00', 'lun');

INSERT INTO fasce_orarie (FASCIA_ORARIA, GIORNO) VALUES ('08:00', 'mar');
INSERT INTO fasce_orarie (FASCIA_ORARIA, GIORNO) VALUES ('09:00', 'mar');
INSERT INTO fasce_orarie (FASCIA_ORARIA, GIORNO) VALUES ('10:00', 'mar');
INSERT INTO fasce_orarie (FASCIA_ORARIA, GIORNO) VALUES ('11:00', 'mar');
INSERT INTO fasce_orarie (FASCIA_ORARIA, GIORNO) VALUES ('14:00', 'mar');
INSERT INTO fasce_orarie (FASCIA_ORARIA, GIORNO) VALUES ('15:00', 'mar');
INSERT INTO fasce_orarie (FASCIA_ORARIA, GIORNO) VALUES ('16:00', 'mar');
INSERT INTO fasce_orarie (FASCIA_ORARIA, GIORNO) VALUES ('17:00', 'mar');
INSERT INTO fasce_orarie (FASCIA_ORARIA, GIORNO) VALUES ('18:00', 'mar');
INSERT INTO fasce_orarie (FASCIA_ORARIA, GIORNO) VALUES ('21:00', 'mar');

INSERT INTO fasce_orarie (FASCIA_ORARIA, GIORNO) VALUES ('08:00', 'mer');
INSERT INTO fasce_orarie (FASCIA_ORARIA, GIORNO) VALUES ('09:00', 'mer');
INSERT INTO fasce_orarie (FASCIA_ORARIA, GIORNO) VALUES ('10:00', 'mer');
INSERT INTO fasce_orarie (FASCIA_ORARIA, GIORNO) VALUES ('11:00', 'mer');
INSERT INTO fasce_orarie (FASCIA_ORARIA, GIORNO) VALUES ('14:00', 'mer');
INSERT INTO fasce_orarie (FASCIA_ORARIA, GIORNO) VALUES ('15:00', 'mer');
INSERT INTO fasce_orarie (FASCIA_ORARIA, GIORNO) VALUES ('16:00', 'mer');
INSERT INTO fasce_orarie (FASCIA_ORARIA, GIORNO) VALUES ('17:00', 'mer');
INSERT INTO fasce_orarie (FASCIA_ORARIA, GIORNO) VALUES ('18:00', 'mer');
INSERT INTO fasce_orarie (FASCIA_ORARIA, GIORNO) VALUES ('21:00', 'mer');

INSERT INTO fasce_orarie (FASCIA_ORARIA, GIORNO) VALUES ('08:00', 'gio');
INSERT INTO fasce_orarie (FASCIA_ORARIA, GIORNO) VALUES ('09:00', 'gio');
INSERT INTO fasce_orarie (FASCIA_ORARIA, GIORNO) VALUES ('10:00', 'gio');
INSERT INTO fasce_orarie (FASCIA_ORARIA, GIORNO) VALUES ('11:00', 'gio');
INSERT INTO fasce_orarie (FASCIA_ORARIA, GIORNO) VALUES ('14:00', 'gio');
INSERT INTO fasce_orarie (FASCIA_ORARIA, GIORNO) VALUES ('15:00', 'gio');
INSERT INTO fasce_orarie (FASCIA_ORARIA, GIORNO) VALUES ('16:00', 'gio');
INSERT INTO fasce_orarie (FASCIA_ORARIA, GIORNO) VALUES ('17:00', 'gio');
INSERT INTO fasce_orarie (FASCIA_ORARIA, GIORNO) VALUES ('18:00', 'gio');
INSERT INTO fasce_orarie (FASCIA_ORARIA, GIORNO) VALUES ('21:00', 'gio');

INSERT INTO fasce_orarie (FASCIA_ORARIA, GIORNO) VALUES ('08:00', 'ven');
INSERT INTO fasce_orarie (FASCIA_ORARIA, GIORNO) VALUES ('09:00', 'ven');
INSERT INTO fasce_orarie (FASCIA_ORARIA, GIORNO) VALUES ('10:00', 'ven');
INSERT INTO fasce_orarie (FASCIA_ORARIA, GIORNO) VALUES ('11:00', 'ven');
INSERT INTO fasce_orarie (FASCIA_ORARIA, GIORNO) VALUES ('14:00', 'ven');
INSERT INTO fasce_orarie (FASCIA_ORARIA, GIORNO) VALUES ('15:00', 'ven');
INSERT INTO fasce_orarie (FASCIA_ORARIA, GIORNO) VALUES ('16:00', 'ven');
INSERT INTO fasce_orarie (FASCIA_ORARIA, GIORNO) VALUES ('17:00', 'ven');
INSERT INTO fasce_orarie (FASCIA_ORARIA, GIORNO) VALUES ('18:00', 'ven');
INSERT INTO fasce_orarie (FASCIA_ORARIA, GIORNO) VALUES ('21:00', 'ven');

INSERT INTO lingue (ID_LINGUA, NOME_LINGUA) VALUES (1, 'Italiano');
INSERT INTO lingue (ID_LINGUA, NOME_LINGUA) VALUES (2, 'Inglese');
INSERT INTO lingue (ID_LINGUA, NOME_LINGUA) VALUES (3, 'Spagnolo');
INSERT INTO lingue (ID_LINGUA, NOME_LINGUA) VALUES (4, 'Francese');
INSERT INTO lingue (ID_LINGUA, NOME_LINGUA) VALUES (5, 'Tedesco');

INSERT INTO istruzione (LIVELLO_ISTRUZIONE) VALUES ('Diploma');
INSERT INTO istruzione (LIVELLO_ISTRUZIONE) VALUES ('Laurea Triennale');
INSERT INTO istruzione (LIVELLO_ISTRUZIONE) VALUES ('Laurea Magistrale');
INSERT INTO istruzione (LIVELLO_ISTRUZIONE) VALUES ('Dottorato');

INSERT INTO competenze_linguistiche (FK_LINGUA, FK_TUTOR) VALUES (1, 1);
INSERT INTO competenze_linguistiche (FK_LINGUA, FK_TUTOR) VALUES (1, 2);
INSERT INTO competenze_linguistiche (FK_LINGUA, FK_TUTOR) VALUES (1, 3);
INSERT INTO competenze_linguistiche (FK_LINGUA, FK_TUTOR) VALUES (1, 4);
INSERT INTO competenze_linguistiche (FK_LINGUA, FK_TUTOR) VALUES (1, 5);
INSERT INTO competenze_linguistiche (FK_LINGUA, FK_TUTOR) VALUES (1, 6);
INSERT INTO competenze_linguistiche (FK_LINGUA, FK_TUTOR) VALUES (1, 7);
INSERT INTO competenze_linguistiche (FK_LINGUA, FK_TUTOR) VALUES (1, 8);
INSERT INTO competenze_linguistiche (FK_LINGUA, FK_TUTOR) VALUES (1, 9);
INSERT INTO competenze_linguistiche (FK_LINGUA, FK_TUTOR) VALUES (1, 10);
INSERT INTO competenze_linguistiche (FK_LINGUA, FK_TUTOR) VALUES (1, 11);
INSERT INTO competenze_linguistiche (FK_LINGUA, FK_TUTOR) VALUES (1, 12);
INSERT INTO competenze_linguistiche (FK_LINGUA, FK_TUTOR) VALUES (1, 13);
INSERT INTO competenze_linguistiche (FK_LINGUA, FK_TUTOR) VALUES (1, 14);
INSERT INTO competenze_linguistiche (FK_LINGUA, FK_TUTOR) VALUES (1, 15);
INSERT INTO competenze_linguistiche (FK_LINGUA, FK_TUTOR) VALUES (1, 16);
INSERT INTO competenze_linguistiche (FK_LINGUA, FK_TUTOR) VALUES (1, 17);
INSERT INTO competenze_linguistiche (FK_LINGUA, FK_TUTOR) VALUES (1, 18);
INSERT INTO competenze_linguistiche (FK_LINGUA, FK_TUTOR) VALUES (1, 19);
INSERT INTO competenze_linguistiche (FK_LINGUA, FK_TUTOR) VALUES (1, 20);
INSERT INTO competenze_linguistiche (FK_LINGUA, FK_TUTOR) VALUES (1, 21);
INSERT INTO competenze_linguistiche (FK_LINGUA, FK_TUTOR) VALUES (1, 22);
INSERT INTO competenze_linguistiche (FK_LINGUA, FK_TUTOR) VALUES (1, 23);
INSERT INTO competenze_linguistiche (FK_LINGUA, FK_TUTOR) VALUES (1, 24);
INSERT INTO competenze_linguistiche (FK_LINGUA, FK_TUTOR) VALUES (1, 25);
INSERT INTO competenze_linguistiche (FK_LINGUA, FK_TUTOR) VALUES (1, 26);
INSERT INTO competenze_linguistiche (FK_LINGUA, FK_TUTOR) VALUES (1, 27);
INSERT INTO competenze_linguistiche (FK_LINGUA, FK_TUTOR) VALUES (1, 28);
INSERT INTO competenze_linguistiche (FK_LINGUA, FK_TUTOR) VALUES (1, 29);
INSERT INTO competenze_linguistiche (FK_LINGUA, FK_TUTOR) VALUES (1, 30);

INSERT INTO competenze_istr (FK_TUTOR, FK_ISTRUZIONE) VALUES (1, 2);
INSERT INTO competenze_istr (FK_TUTOR, FK_ISTRUZIONE) VALUES (2, 4);
INSERT INTO competenze_istr (FK_TUTOR, FK_ISTRUZIONE) VALUES (3, 1);
INSERT INTO competenze_istr (FK_TUTOR, FK_ISTRUZIONE) VALUES (4, 3);
INSERT INTO competenze_istr (FK_TUTOR, FK_ISTRUZIONE) VALUES (5, 2);
INSERT INTO competenze_istr (FK_TUTOR, FK_ISTRUZIONE) VALUES (6, 4);
INSERT INTO competenze_istr (FK_TUTOR, FK_ISTRUZIONE) VALUES (7, 1);
INSERT INTO competenze_istr (FK_TUTOR, FK_ISTRUZIONE) VALUES (8, 3);
INSERT INTO competenze_istr (FK_TUTOR, FK_ISTRUZIONE) VALUES (9, 2);
INSERT INTO competenze_istr (FK_TUTOR, FK_ISTRUZIONE) VALUES (10, 4);
INSERT INTO competenze_istr (FK_TUTOR, FK_ISTRUZIONE) VALUES (11, 1);
INSERT INTO competenze_istr (FK_TUTOR, FK_ISTRUZIONE) VALUES (12, 3);
INSERT INTO competenze_istr (FK_TUTOR, FK_ISTRUZIONE) VALUES (13, 2);
INSERT INTO competenze_istr (FK_TUTOR, FK_ISTRUZIONE) VALUES (14, 4);
INSERT INTO competenze_istr (FK_TUTOR, FK_ISTRUZIONE) VALUES (15, 1);
INSERT INTO competenze_istr (FK_TUTOR, FK_ISTRUZIONE) VALUES (16, 3);
INSERT INTO competenze_istr (FK_TUTOR, FK_ISTRUZIONE) VALUES (17, 2);
INSERT INTO competenze_istr (FK_TUTOR, FK_ISTRUZIONE) VALUES (18, 4);
INSERT INTO competenze_istr (FK_TUTOR, FK_ISTRUZIONE) VALUES (19, 1);
INSERT INTO competenze_istr (FK_TUTOR, FK_ISTRUZIONE) VALUES (20, 3);
INSERT INTO competenze_istr (FK_TUTOR, FK_ISTRUZIONE) VALUES (21, 2);
INSERT INTO competenze_istr (FK_TUTOR, FK_ISTRUZIONE) VALUES (22, 4);
INSERT INTO competenze_istr (FK_TUTOR, FK_ISTRUZIONE) VALUES (23, 1);
INSERT INTO competenze_istr (FK_TUTOR, FK_ISTRUZIONE) VALUES (24, 3);
INSERT INTO competenze_istr (FK_TUTOR, FK_ISTRUZIONE) VALUES (25, 2);
INSERT INTO competenze_istr (FK_TUTOR, FK_ISTRUZIONE) VALUES (26, 4);
INSERT INTO competenze_istr (FK_TUTOR, FK_ISTRUZIONE) VALUES (27, 1);
INSERT INTO competenze_istr (FK_TUTOR, FK_ISTRUZIONE) VALUES (28, 3);
INSERT INTO competenze_istr (FK_TUTOR, FK_ISTRUZIONE) VALUES (29, 2);
INSERT INTO competenze_istr (FK_TUTOR, FK_ISTRUZIONE) VALUES (30, 4);
